Time,Number of Tweets,Sentiment
2020-05-27 00:06:25,11,0
2020-05-27 00:06:25,57,2
2020-05-27 00:06:25,12,1
2020-05-27 00:08:28,18,0
2020-05-27 00:08:28,60,2
2020-05-27 00:08:28,16,1
2020-05-27 00:10:28,21,0
2020-05-27 00:10:28,70,2
2020-05-27 00:10:28,10,1
2020-05-27 00:12:29,11,0
2020-05-27 00:12:29,63,2
2020-05-27 00:12:29,9,1
2020-05-27 00:14:32,16,0
2020-05-27 00:14:32,64,2
2020-05-27 00:14:32,16,1
2020-05-27 00:16:34,20,0
2020-05-27 00:16:34,58,2
2020-05-27 00:16:34,13,1
2020-05-27 00:18:35,18,0
2020-05-27 00:18:35,49,2
2020-05-27 00:18:35,11,1
2020-05-27 00:20:35,12,0
2020-05-27 00:20:35,53,2
2020-05-27 00:20:35,13,1
2020-05-27 00:22:36,10,0
2020-05-27 00:22:36,65,2
2020-05-27 00:22:36,16,1
2020-05-27 00:24:37,13,0
2020-05-27 00:24:37,68,2
2020-05-27 00:24:37,12,1
2020-05-27 00:26:38,10,0
2020-05-27 00:26:38,62,2
2020-05-27 00:26:38,9,1
2020-05-27 00:28:39,12,0
2020-05-27 00:28:39,63,2
2020-05-27 00:28:39,14,1
2020-05-27 00:30:42,13,0
2020-05-27 00:30:42,63,2
2020-05-27 00:30:42,12,1
2020-05-27 00:32:43,10,0
2020-05-27 00:32:43,59,2
2020-05-27 00:32:43,12,1
2020-05-27 00:34:46,16,0
2020-05-27 00:34:46,72,2
2020-05-27 00:34:46,13,1
2020-05-27 00:36:46,9,0
2020-05-27 00:36:46,48,2
2020-05-27 00:36:46,14,1
2020-05-27 00:38:47,19,0
2020-05-27 00:38:47,62,2
2020-05-27 00:38:47,12,1
2020-05-27 00:40:48,13,0
2020-05-27 00:40:48,58,2
2020-05-27 00:40:48,13,1
2020-05-27 00:42:52,12,0
2020-05-27 00:42:52,65,2
2020-05-27 00:42:52,15,1
2020-05-27 00:44:56,12,0
2020-05-27 00:44:56,51,2
2020-05-27 00:44:56,13,1
2020-05-27 00:46:57,10,0
2020-05-27 00:46:57,46,2
2020-05-27 00:46:57,15,1
2020-05-27 00:49:00,12,0
2020-05-27 00:49:00,43,2
2020-05-27 00:49:00,10,1
2020-05-27 00:51:06,14,0
2020-05-27 00:51:06,57,2
2020-05-27 00:51:06,8,1
2020-05-27 00:53:06,9,0
2020-05-27 00:53:06,63,2
2020-05-27 00:53:06,11,1
2020-05-27 00:55:08,18,0
2020-05-27 00:55:08,58,2
2020-05-27 00:55:08,10,1
2020-05-27 00:57:12,12,0
2020-05-27 00:57:12,65,2
2020-05-27 00:57:12,8,1
2020-05-27 00:59:14,13,0
2020-05-27 00:59:14,80,2
2020-05-27 00:59:14,7,1
2020-05-27 01:01:14,8,0
2020-05-27 01:01:14,72,2
2020-05-27 01:01:14,7,1
2020-05-27 01:03:16,7,0
2020-05-27 01:03:16,60,2
2020-05-27 01:03:16,3,1
2020-05-27 01:05:18,13,0
2020-05-27 01:05:18,57,2
2020-05-27 01:05:18,11,1
2020-05-27 01:07:19,8,0
2020-05-27 01:07:19,42,2
2020-05-27 01:07:19,9,1
2020-05-27 01:09:21,7,0
2020-05-27 01:09:21,60,2
2020-05-27 01:09:21,15,1
2020-05-27 01:11:28,13,0
2020-05-27 01:11:28,45,2
2020-05-27 01:11:28,11,1
2020-05-27 01:13:30,8,0
2020-05-27 01:13:30,49,2
2020-05-27 01:13:30,9,1
2020-05-27 01:15:31,10,0
2020-05-27 01:15:31,46,2
2020-05-27 01:15:31,15,1
2020-05-27 01:17:32,12,0
2020-05-27 01:17:32,49,2
2020-05-27 01:17:32,11,1
2020-05-27 01:19:34,15,0
2020-05-27 01:19:34,43,2
2020-05-27 01:19:34,11,1
2020-05-27 01:21:34,11,0
2020-05-27 01:21:34,31,2
2020-05-27 01:21:34,9,1
2020-05-27 01:23:34,12,0
2020-05-27 01:23:34,40,2
2020-05-27 01:23:34,6,1
2020-05-27 01:25:38,12,0
2020-05-27 01:25:38,47,2
2020-05-27 01:25:38,5,1
2020-05-27 01:27:44,15,0
2020-05-27 01:27:44,44,2
2020-05-27 01:27:44,10,1
2020-05-27 01:29:46,13,0
2020-05-27 01:29:46,56,2
2020-05-27 01:29:46,7,1
2020-05-27 01:31:47,9,0
2020-05-27 01:31:47,51,2
2020-05-27 01:31:47,13,1
2020-05-27 01:33:49,6,0
2020-05-27 01:33:49,43,2
2020-05-27 01:33:49,8,1
2020-05-27 01:35:51,10,0
2020-05-27 01:35:51,53,2
2020-05-27 01:35:51,8,1
2020-05-27 01:37:51,12,0
2020-05-27 01:37:51,43,2
2020-05-27 01:37:51,8,1
2020-05-27 01:39:54,13,0
2020-05-27 01:39:54,43,2
2020-05-27 01:39:54,15,1
2020-05-27 01:41:55,6,0
2020-05-27 01:41:55,48,2
2020-05-27 01:41:55,2,1
2020-05-27 01:43:55,16,0
2020-05-27 01:43:55,54,2
2020-05-27 01:43:55,7,1
2020-05-27 01:45:55,8,0
2020-05-27 01:45:55,42,2
2020-05-27 01:45:55,14,1
2020-05-27 01:47:56,8,0
2020-05-27 01:47:56,35,2
2020-05-27 01:47:56,7,1
2020-05-27 01:49:58,11,0
2020-05-27 01:49:58,35,2
2020-05-27 01:49:58,7,1
2020-05-27 01:52:02,10,0
2020-05-27 01:52:02,32,2
2020-05-27 01:52:02,9,1
2020-05-27 01:54:07,7,0
2020-05-27 01:54:07,35,2
2020-05-27 01:54:07,13,1
2020-05-27 01:56:21,6,0
2020-05-27 01:56:21,29,2
2020-05-27 01:56:21,13,1
2020-05-27 01:58:24,11,0
2020-05-27 01:58:24,42,2
2020-05-27 01:58:24,6,1
2020-05-27 02:00:28,11,0
2020-05-27 02:00:28,46,2
2020-05-27 02:00:28,19,1
2020-05-27 02:02:28,9,0
2020-05-27 02:02:28,33,2
2020-05-27 02:02:28,8,1
2020-05-27 02:04:29,8,0
2020-05-27 02:04:29,38,2
2020-05-27 02:04:29,9,1
2020-05-27 02:06:30,4,0
2020-05-27 02:06:30,35,2
2020-05-27 02:06:30,11,1
2020-05-27 02:08:30,8,0
2020-05-27 02:08:30,38,2
2020-05-27 02:08:30,5,1
2020-05-27 02:10:34,12,0
2020-05-27 02:10:34,37,2
2020-05-27 02:10:34,9,1
2020-05-27 02:12:35,5,0
2020-05-27 02:12:35,40,2
2020-05-27 02:12:35,5,1
2020-05-27 02:14:45,8,0
2020-05-27 02:14:45,39,2
2020-05-27 02:14:45,13,1
2020-05-27 02:16:45,5,0
2020-05-27 02:16:45,43,2
2020-05-27 02:16:45,9,1
2020-05-27 02:18:46,13,0
2020-05-27 02:18:46,36,2
2020-05-27 02:18:46,9,1
2020-05-27 02:20:47,8,0
2020-05-27 02:20:47,45,2
2020-05-27 02:20:47,16,1
2020-05-27 02:22:48,11,0
2020-05-27 02:22:48,32,2
2020-05-27 02:22:48,13,1
2020-05-27 02:24:51,7,0
2020-05-27 02:24:51,44,2
2020-05-27 02:24:51,11,1
2020-05-27 02:26:52,13,0
2020-05-27 02:26:52,37,2
2020-05-27 02:26:52,9,1
2020-05-27 02:28:58,7,0
2020-05-27 02:28:58,46,2
2020-05-27 02:28:58,14,1
2020-05-27 02:31:05,8,0
2020-05-27 02:31:05,49,2
2020-05-27 02:31:05,14,1
2020-05-27 02:33:05,17,0
2020-05-27 02:33:05,35,2
2020-05-27 02:33:05,8,1
2020-05-27 02:35:11,6,0
2020-05-27 02:35:11,32,2
2020-05-27 02:35:11,8,1
2020-05-27 02:37:11,18,0
2020-05-27 02:37:11,40,2
2020-05-27 02:37:11,15,1
2020-05-27 02:39:12,9,0
2020-05-27 02:39:12,32,2
2020-05-27 02:39:12,11,1
2020-05-27 02:41:12,11,0
2020-05-27 02:41:12,44,2
2020-05-27 02:41:12,7,1
2020-05-27 02:43:16,13,0
2020-05-27 02:43:16,41,2
2020-05-27 02:43:16,6,1
2020-05-27 02:45:27,5,0
2020-05-27 02:45:27,34,2
2020-05-27 02:45:27,12,1
2020-05-27 02:47:27,11,0
2020-05-27 02:47:27,35,2
2020-05-27 02:47:27,9,1
2020-05-27 02:49:28,7,0
2020-05-27 02:49:28,35,2
2020-05-27 02:49:28,7,1
2020-05-27 02:51:29,12,0
2020-05-27 02:51:29,36,2
2020-05-27 02:51:29,11,1
2020-05-27 02:53:31,10,0
2020-05-27 02:53:31,38,2
2020-05-27 02:53:31,9,1
2020-05-27 02:55:33,5,0
2020-05-27 02:55:33,37,2
2020-05-27 02:55:33,9,1
2020-05-27 02:57:34,6,0
2020-05-27 02:57:34,37,2
2020-05-27 02:57:34,8,1
2020-05-27 02:59:38,6,0
2020-05-27 02:59:38,40,2
2020-05-27 02:59:38,10,1
2020-05-27 03:01:40,9,0
2020-05-27 03:01:40,62,2
2020-05-27 03:01:40,10,1
2020-05-27 03:03:43,10,0
2020-05-27 03:03:43,63,2
2020-05-27 03:03:43,12,1
2020-05-27 03:05:43,9,0
2020-05-27 03:05:43,61,2
2020-05-27 03:05:43,5,1
2020-05-27 03:07:44,15,0
2020-05-27 03:07:44,62,2
2020-05-27 03:07:44,16,1
2020-05-27 03:09:49,12,0
2020-05-27 03:09:49,42,2
2020-05-27 03:09:49,4,1
2020-05-27 03:11:51,12,0
2020-05-27 03:11:51,48,2
2020-05-27 03:11:51,12,1
2020-05-27 03:13:52,10,0
2020-05-27 03:13:52,40,2
2020-05-27 03:13:52,16,1
2020-05-27 03:15:53,14,0
2020-05-27 03:15:53,57,2
2020-05-27 03:15:53,18,1
2020-05-27 03:17:55,10,0
2020-05-27 03:17:55,49,2
2020-05-27 03:17:55,12,1
2020-05-27 03:20:01,9,0
2020-05-27 03:20:01,38,2
2020-05-27 03:20:01,7,1
2020-05-27 03:22:01,13,0
2020-05-27 03:22:01,59,2
2020-05-27 03:22:01,13,1
2020-05-27 03:24:02,15,0
2020-05-27 03:24:02,51,2
2020-05-27 03:24:02,30,1
2020-05-27 03:26:07,9,0
2020-05-27 03:26:07,53,2
2020-05-27 03:26:07,17,1
2020-05-27 03:28:08,3,0
2020-05-27 03:28:08,36,2
2020-05-27 03:28:08,26,1
2020-05-27 03:30:10,10,0
2020-05-27 03:30:10,36,2
2020-05-27 03:30:10,8,1
2020-05-27 03:32:10,5,0
2020-05-27 03:32:10,41,2
2020-05-27 03:32:10,5,1
2020-05-27 03:34:11,12,0
2020-05-27 03:34:11,50,2
2020-05-27 03:34:11,9,1
2020-05-27 03:36:12,9,0
2020-05-27 03:36:12,48,2
2020-05-27 03:36:12,9,1
2020-05-27 03:38:13,9,0
2020-05-27 03:38:13,44,2
2020-05-27 03:38:13,11,1
2020-05-27 03:40:13,11,0
2020-05-27 03:40:13,40,2
2020-05-27 03:40:13,10,1
2020-05-27 03:42:13,10,0
2020-05-27 03:42:13,47,2
2020-05-27 03:42:13,11,1
2020-05-27 03:44:15,10,0
2020-05-27 03:44:15,56,2
2020-05-27 03:44:15,9,1
2020-05-27 03:46:16,10,0
2020-05-27 03:46:16,51,2
2020-05-27 03:46:16,15,1
2020-05-27 03:48:17,11,0
2020-05-27 03:48:17,43,2
2020-05-27 03:48:17,10,1
2020-05-27 03:50:20,16,0
2020-05-27 03:50:20,47,2
2020-05-27 03:50:20,15,1
2020-05-27 03:52:21,10,0
2020-05-27 03:52:21,62,2
2020-05-27 03:52:21,13,1
2020-05-27 03:54:22,6,0
2020-05-27 03:54:22,58,2
2020-05-27 03:54:22,10,1
2020-05-27 03:56:23,12,0
2020-05-27 03:56:23,66,2
2020-05-27 03:56:23,21,1
2020-05-27 03:58:26,16,0
2020-05-27 03:58:26,31,2
2020-05-27 03:58:26,11,1
2020-05-27 04:00:28,13,0
2020-05-27 04:00:28,71,2
2020-05-27 04:00:28,15,1
2020-05-27 04:02:28,15,0
2020-05-27 04:02:28,45,2
2020-05-27 04:02:28,8,1
2020-05-27 04:04:29,6,0
2020-05-27 04:04:29,36,2
2020-05-27 04:04:29,10,1
2020-05-27 04:06:34,16,0
2020-05-27 04:06:34,46,2
2020-05-27 04:06:34,16,1
2020-05-27 04:08:35,5,0
2020-05-27 04:08:35,46,2
2020-05-27 04:08:35,10,1
2020-05-27 04:10:36,9,0
2020-05-27 04:10:36,32,2
2020-05-27 04:10:36,8,1
2020-05-27 04:12:37,9,0
2020-05-27 04:12:37,43,2
2020-05-27 04:12:37,10,1
2020-05-27 04:14:43,12,0
2020-05-27 04:14:43,43,2
2020-05-27 04:14:43,13,1
2020-05-27 04:16:43,6,0
2020-05-27 04:16:43,49,2
2020-05-27 04:16:43,12,1
2020-05-27 04:18:43,6,0
2020-05-27 04:18:43,41,2
2020-05-27 04:18:43,12,1
2020-05-27 04:20:45,12,0
2020-05-27 04:20:45,35,2
2020-05-27 04:20:45,13,1
2020-05-27 04:22:47,9,0
2020-05-27 04:22:47,32,2
2020-05-27 04:22:47,16,1
2020-05-27 04:24:57,14,0
2020-05-27 04:24:57,33,2
2020-05-27 04:24:57,14,1
2020-05-27 04:26:57,11,0
2020-05-27 04:26:57,47,2
2020-05-27 04:26:57,7,1
2020-05-27 04:29:01,11,0
2020-05-27 04:29:01,53,2
2020-05-27 04:29:01,7,1
2020-05-27 04:31:02,13,0
2020-05-27 04:31:02,49,2
2020-05-27 04:31:02,7,1
2020-05-27 04:33:03,10,0
2020-05-27 04:33:03,39,2
2020-05-27 04:33:03,8,1
2020-05-27 04:35:04,7,0
2020-05-27 04:35:04,41,2
2020-05-27 04:35:04,12,1
2020-05-27 04:37:05,9,0
2020-05-27 04:37:05,29,2
2020-05-27 04:37:05,10,1
2020-05-27 04:39:05,13,0
2020-05-27 04:39:05,31,2
2020-05-27 04:39:05,6,1
2020-05-27 04:41:05,5,0
2020-05-27 04:41:05,32,2
2020-05-27 04:41:05,6,1
2020-05-27 04:43:08,7,0
2020-05-27 04:43:08,37,2
2020-05-27 04:43:08,11,1
2020-05-27 04:45:09,9,0
2020-05-27 04:45:09,39,2
2020-05-27 04:45:09,7,1
2020-05-27 04:47:10,6,0
2020-05-27 04:47:10,38,2
2020-05-27 04:47:10,15,1
2020-05-27 04:49:10,5,0
2020-05-27 04:49:10,29,2
2020-05-27 04:49:10,12,1
2020-05-27 04:51:14,11,0
2020-05-27 04:51:14,40,2
2020-05-27 04:51:14,8,1
2020-05-27 04:53:16,11,0
2020-05-27 04:53:16,40,2
2020-05-27 04:53:16,9,1
2020-05-27 04:55:19,16,0
2020-05-27 04:55:19,39,2
2020-05-27 04:55:19,12,1
2020-05-27 04:57:20,15,0
2020-05-27 04:57:20,46,2
2020-05-27 04:57:20,13,1
2020-05-27 04:59:20,7,0
2020-05-27 04:59:20,38,2
2020-05-27 04:59:20,4,1
2020-05-27 05:01:22,10,0
2020-05-27 05:01:22,67,2
2020-05-27 05:01:22,16,1
2020-05-27 05:03:32,8,0
2020-05-27 05:03:32,47,2
2020-05-27 05:03:32,11,1
2020-05-27 05:05:34,8,0
2020-05-27 05:05:34,46,2
2020-05-27 05:05:34,18,1
2020-05-27 05:07:38,15,0
2020-05-27 05:07:38,53,2
2020-05-27 05:07:38,11,1
2020-05-27 05:09:38,10,0
2020-05-27 05:09:38,33,2
2020-05-27 05:09:38,7,1
2020-05-27 05:11:39,9,0
2020-05-27 05:11:39,53,2
2020-05-27 05:11:39,15,1
2020-05-27 05:13:40,15,0
2020-05-27 05:13:40,37,2
2020-05-27 05:13:40,13,1
2020-05-27 05:15:45,4,0
2020-05-27 05:15:45,37,2
2020-05-27 05:15:45,9,1
2020-05-27 05:17:47,15,0
2020-05-27 05:17:47,53,2
2020-05-27 05:17:47,10,1
2020-05-27 05:19:47,7,0
2020-05-27 05:19:47,39,2
2020-05-27 05:19:47,14,1
2020-05-27 05:21:49,6,0
2020-05-27 05:21:49,41,2
2020-05-27 05:21:49,13,1
2020-05-27 05:23:56,8,0
2020-05-27 05:23:56,42,2
2020-05-27 05:23:56,9,1
2020-05-27 05:26:03,7,0
2020-05-27 05:26:03,37,2
2020-05-27 05:26:03,17,1
2020-05-27 05:28:03,11,0
2020-05-27 05:28:03,48,2
2020-05-27 05:28:03,12,1
2020-05-27 05:30:05,9,0
2020-05-27 05:30:05,36,2
2020-05-27 05:30:05,9,1
2020-05-27 05:32:12,12,0
2020-05-27 05:32:12,34,2
2020-05-27 05:32:12,15,1
2020-05-27 05:34:13,6,0
2020-05-27 05:34:13,45,2
2020-05-27 05:34:13,6,1
2020-05-27 05:36:14,7,0
2020-05-27 05:36:14,54,2
2020-05-27 05:36:14,7,1
2020-05-27 05:38:14,8,0
2020-05-27 05:38:14,53,2
2020-05-27 05:38:14,13,1
2020-05-27 05:40:16,17,0
2020-05-27 05:40:16,53,2
2020-05-27 05:40:16,13,1
2020-05-27 05:42:16,15,0
2020-05-27 05:42:16,46,2
2020-05-27 05:42:16,10,1
2020-05-27 05:44:17,16,0
2020-05-27 05:44:17,45,2
2020-05-27 05:44:17,16,1
2020-05-27 05:46:18,8,0
2020-05-27 05:46:18,42,2
2020-05-27 05:46:18,15,1
2020-05-27 05:48:20,10,0
2020-05-27 05:48:20,49,2
2020-05-27 05:48:20,13,1
2020-05-27 05:50:21,7,0
2020-05-27 05:50:21,30,2
2020-05-27 05:50:21,14,1
2020-05-27 05:52:22,13,0
2020-05-27 05:52:22,44,2
2020-05-27 05:52:22,10,1
2020-05-27 05:54:23,12,0
2020-05-27 05:54:23,47,2
2020-05-27 05:54:23,8,1
2020-05-27 05:56:26,4,0
2020-05-27 05:56:26,43,2
2020-05-27 05:56:26,13,1
2020-05-27 05:58:27,6,0
2020-05-27 05:58:27,62,2
2020-05-27 05:58:27,6,1
2020-05-27 06:00:29,14,0
2020-05-27 06:00:29,54,2
2020-05-27 06:00:29,12,1
2020-05-27 06:02:29,11,0
2020-05-27 06:02:29,50,2
2020-05-27 06:02:29,16,1
2020-05-27 06:04:32,13,0
2020-05-27 06:04:32,68,2
2020-05-27 06:04:32,7,1
2020-05-27 06:06:32,7,0
2020-05-27 06:06:32,37,2
2020-05-27 06:06:32,16,1
2020-05-27 06:08:33,16,0
2020-05-27 06:08:33,49,2
2020-05-27 06:08:33,10,1
2020-05-27 06:10:33,10,0
2020-05-27 06:10:33,45,2
2020-05-27 06:10:33,10,1
2020-05-27 06:12:34,18,0
2020-05-27 06:12:34,55,2
2020-05-27 06:12:34,10,1
2020-05-27 06:14:37,9,0
2020-05-27 06:14:37,45,2
2020-05-27 06:14:37,11,1
2020-05-27 06:16:39,14,0
2020-05-27 06:16:39,55,2
2020-05-27 06:16:39,9,1
2020-05-27 06:18:42,5,0
2020-05-27 06:18:42,71,2
2020-05-27 06:18:42,11,1
2020-05-27 06:20:42,17,0
2020-05-27 06:20:42,59,2
2020-05-27 06:20:42,19,1
2020-05-27 06:22:43,20,0
2020-05-27 06:22:43,62,2
2020-05-27 06:22:43,15,1
2020-05-27 06:24:43,7,0
2020-05-27 06:24:43,62,2
2020-05-27 06:24:43,13,1
2020-05-27 06:26:44,16,0
2020-05-27 06:26:44,58,2
2020-05-27 06:26:44,14,1
2020-05-27 06:28:45,10,0
2020-05-27 06:28:45,51,2
2020-05-27 06:28:45,8,1
2020-05-27 06:30:46,20,0
2020-05-27 06:30:46,52,2
2020-05-27 06:30:46,13,1
2020-05-27 06:32:48,13,0
2020-05-27 06:32:48,54,2
2020-05-27 06:32:48,15,1
2020-05-27 06:34:52,8,0
2020-05-27 06:34:52,43,2
2020-05-27 06:34:52,12,1
2020-05-27 06:36:54,16,0
2020-05-27 06:36:54,44,2
2020-05-27 06:36:54,9,1
2020-05-27 06:38:56,16,0
2020-05-27 06:38:56,46,2
2020-05-27 06:38:56,20,1
2020-05-27 06:40:57,16,0
2020-05-27 06:40:57,58,2
2020-05-27 06:40:57,17,1
2020-05-27 06:42:58,13,0
2020-05-27 06:42:58,52,2
2020-05-27 06:42:58,8,1
2020-05-27 06:44:58,2,0
2020-05-27 06:44:58,61,2
2020-05-27 06:44:58,21,1
2020-05-27 06:46:59,12,0
2020-05-27 06:46:59,54,2
2020-05-27 06:46:59,12,1
2020-05-27 06:49:03,14,0
2020-05-27 06:49:03,58,2
2020-05-27 06:49:03,17,1
2020-05-27 06:51:03,17,0
2020-05-27 06:51:03,60,2
2020-05-27 06:51:03,15,1
2020-05-27 06:53:05,7,0
2020-05-27 06:53:05,61,2
2020-05-27 06:53:05,10,1
2020-05-27 06:55:08,13,0
2020-05-27 06:55:08,78,2
2020-05-27 06:55:08,10,1
2020-05-27 06:57:09,9,0
2020-05-27 06:57:09,62,2
2020-05-27 06:57:09,15,1
2020-05-27 06:59:10,10,0
2020-05-27 06:59:10,54,2
2020-05-27 06:59:10,17,1
2020-05-27 07:01:11,24,0
2020-05-27 07:01:11,76,2
2020-05-27 07:01:11,22,1
2020-05-27 07:03:11,12,0
2020-05-27 07:03:11,61,2
2020-05-27 07:03:11,15,1
2020-05-27 07:05:11,14,0
2020-05-27 07:05:11,67,2
2020-05-27 07:05:11,11,1
2020-05-27 07:07:12,26,0
2020-05-27 07:07:12,90,2
2020-05-27 07:07:12,16,1
2020-05-27 07:09:12,18,0
2020-05-27 07:09:12,72,2
2020-05-27 07:09:12,7,1
2020-05-27 07:11:13,12,0
2020-05-27 07:11:13,77,2
2020-05-27 07:11:13,17,1
2020-05-27 07:13:13,17,0
2020-05-27 07:13:13,65,2
2020-05-27 07:13:13,14,1
2020-05-27 07:15:13,11,0
2020-05-27 07:15:13,95,2
2020-05-27 07:15:13,17,1
2020-05-27 07:17:16,12,0
2020-05-27 07:17:16,64,2
2020-05-27 07:17:16,16,1
2020-05-27 07:19:16,18,0
2020-05-27 07:19:16,79,2
2020-05-27 07:19:16,16,1
2020-05-27 07:21:17,18,0
2020-05-27 07:21:17,60,2
2020-05-27 07:21:17,18,1
2020-05-27 07:23:18,17,0
2020-05-27 07:23:18,90,2
2020-05-27 07:23:18,10,1
2020-05-27 07:25:19,20,0
2020-05-27 07:25:19,58,2
2020-05-27 07:25:19,19,1
2020-05-27 07:27:19,12,0
2020-05-27 07:27:19,80,2
2020-05-27 07:27:19,19,1
2020-05-27 07:29:19,25,0
2020-05-27 07:29:19,51,2
2020-05-27 07:29:19,16,1
2020-05-27 07:31:20,20,0
2020-05-27 07:31:20,72,2
2020-05-27 07:31:20,19,1
2020-05-27 07:33:21,16,0
2020-05-27 07:33:21,69,2
2020-05-27 07:33:21,16,1
2020-05-27 07:35:21,26,0
2020-05-27 07:35:21,61,2
2020-05-27 07:35:21,17,1
2020-05-27 07:37:22,18,0
2020-05-27 07:37:22,81,2
2020-05-27 07:37:22,18,1
2020-05-27 07:39:22,17,0
2020-05-27 07:39:22,80,2
2020-05-27 07:39:22,22,1
2020-05-27 07:41:23,23,0
2020-05-27 07:41:23,65,2
2020-05-27 07:41:23,35,1
2020-05-27 07:43:23,16,0
2020-05-27 07:43:23,87,2
2020-05-27 07:43:23,23,1
2020-05-27 07:45:29,21,0
2020-05-27 07:45:29,73,2
2020-05-27 07:45:29,17,1
2020-05-27 07:47:29,19,0
2020-05-27 07:47:29,82,2
2020-05-27 07:47:29,26,1
2020-05-27 07:49:32,21,0
2020-05-27 07:49:32,67,2
2020-05-27 07:49:32,19,1
2020-05-27 07:51:33,12,0
2020-05-27 07:51:33,81,2
2020-05-27 07:51:33,18,1
2020-05-27 07:53:33,13,0
2020-05-27 07:53:33,85,2
2020-05-27 07:53:33,12,1
2020-05-27 07:55:34,14,0
2020-05-27 07:55:34,62,2
2020-05-27 07:55:34,12,1
2020-05-27 07:57:35,17,0
2020-05-27 07:57:35,53,2
2020-05-27 07:57:35,27,1
2020-05-27 07:59:35,23,0
2020-05-27 07:59:35,90,2
2020-05-27 07:59:35,15,1
2020-05-27 08:01:36,24,0
2020-05-27 08:01:36,122,2
2020-05-27 08:01:36,34,1
2020-05-27 08:03:36,16,0
2020-05-27 08:03:36,100,2
2020-05-27 08:03:36,10,1
2020-05-27 08:05:36,16,0
2020-05-27 08:05:36,86,2
2020-05-27 08:05:36,22,1
2020-05-27 08:07:38,13,0
2020-05-27 08:07:38,78,2
2020-05-27 08:07:38,20,1
2020-05-27 08:09:39,16,0
2020-05-27 08:09:39,95,2
2020-05-27 08:09:39,16,1
2020-05-27 08:11:39,22,0
2020-05-27 08:11:39,80,2
2020-05-27 08:11:39,26,1
2020-05-27 08:13:40,27,0
2020-05-27 08:13:40,85,2
2020-05-27 08:13:40,26,1
2020-05-27 08:15:41,18,0
2020-05-27 08:15:41,105,2
2020-05-27 08:15:41,16,1
2020-05-27 08:17:42,23,0
2020-05-27 08:17:42,103,2
2020-05-27 08:17:42,22,1
2020-05-27 08:19:42,10,0
2020-05-27 08:19:42,75,2
2020-05-27 08:19:42,21,1
2020-05-27 08:21:47,22,0
2020-05-27 08:21:47,110,2
2020-05-27 08:21:47,13,1
2020-05-27 08:23:47,23,0
2020-05-27 08:23:47,82,2
2020-05-27 08:23:47,17,1
2020-05-27 08:25:47,26,0
2020-05-27 08:25:47,89,2
2020-05-27 08:25:47,19,1
2020-05-27 08:27:48,29,0
2020-05-27 08:27:48,88,2
2020-05-27 08:27:48,20,1
2020-05-27 08:29:50,24,0
2020-05-27 08:29:50,102,2
2020-05-27 08:29:50,14,1
2020-05-27 08:31:51,29,0
2020-05-27 08:31:51,99,2
2020-05-27 08:31:51,30,1
2020-05-27 08:33:51,22,0
2020-05-27 08:33:51,133,2
2020-05-27 08:33:51,30,1
2020-05-27 08:35:51,18,0
2020-05-27 08:35:51,139,2
2020-05-27 08:35:51,25,1
2020-05-27 08:37:53,26,0
2020-05-27 08:37:53,146,2
2020-05-27 08:37:53,12,1
2020-05-27 08:39:53,25,0
2020-05-27 08:39:53,121,2
2020-05-27 08:39:53,14,1
2020-05-27 08:41:55,35,0
2020-05-27 08:41:55,135,2
2020-05-27 08:41:55,28,1
2020-05-27 08:43:55,27,0
2020-05-27 08:43:55,125,2
2020-05-27 08:43:55,21,1
2020-05-27 08:45:55,25,0
2020-05-27 08:45:55,120,2
2020-05-27 08:45:55,23,1
2020-05-27 08:47:56,21,0
2020-05-27 08:47:56,150,2
2020-05-27 08:47:56,18,1
2020-05-27 08:49:56,36,0
2020-05-27 08:49:56,140,2
2020-05-27 08:49:56,17,1
2020-05-27 08:51:56,18,0
2020-05-27 08:51:56,147,2
2020-05-27 08:51:56,19,1
2020-05-27 08:53:57,26,0
2020-05-27 08:53:57,183,2
2020-05-27 08:53:57,32,1
2020-05-27 08:55:57,31,0
2020-05-27 08:55:57,176,2
2020-05-27 08:55:57,26,1
2020-05-27 08:57:58,24,0
2020-05-27 08:57:58,163,2
2020-05-27 08:57:58,31,1
2020-05-27 09:00:00,34,0
2020-05-27 09:00:00,185,2
2020-05-27 09:00:00,16,1
2020-05-27 09:02:00,25,0
2020-05-27 09:02:00,199,2
2020-05-27 09:02:00,36,1
2020-05-27 09:04:01,23,0
2020-05-27 09:04:01,160,2
2020-05-27 09:04:01,23,1
2020-05-27 09:06:02,33,0
2020-05-27 09:06:02,167,2
2020-05-27 09:06:02,31,1
2020-05-27 09:08:04,32,0
2020-05-27 09:08:04,178,2
2020-05-27 09:08:04,23,1
2020-05-27 09:10:05,26,0
2020-05-27 09:10:05,182,2
2020-05-27 09:10:05,23,1
2020-05-27 09:12:05,30,0
2020-05-27 09:12:05,151,2
2020-05-27 09:12:05,21,1
2020-05-27 09:14:05,21,0
2020-05-27 09:14:05,168,2
2020-05-27 09:14:05,29,1
2020-05-27 09:16:06,24,0
2020-05-27 09:16:06,180,2
2020-05-27 09:16:06,28,1
2020-05-27 09:18:06,18,0
2020-05-27 09:18:06,152,2
2020-05-27 09:18:06,20,1
2020-05-27 09:20:07,38,0
2020-05-27 09:20:07,135,2
2020-05-27 09:20:07,23,1
2020-05-27 09:22:08,38,0
2020-05-27 09:22:08,180,2
2020-05-27 09:22:08,27,1
2020-05-27 09:24:08,34,0
2020-05-27 09:24:08,186,2
2020-05-27 09:24:08,35,1
2020-05-27 09:26:08,39,0
2020-05-27 09:26:08,155,2
2020-05-27 09:26:08,31,1
2020-05-27 09:28:10,30,0
2020-05-27 09:28:10,166,2
2020-05-27 09:28:10,40,1
2020-05-27 09:30:11,33,0
2020-05-27 09:30:11,177,2
2020-05-27 09:30:11,30,1
2020-05-27 09:32:12,28,0
2020-05-27 09:32:12,155,2
2020-05-27 09:32:12,31,1
2020-05-27 09:34:12,30,0
2020-05-27 09:34:12,102,2
2020-05-27 09:34:12,31,1
2020-05-27 09:36:12,28,0
2020-05-27 09:36:12,107,2
2020-05-27 09:36:12,22,1
2020-05-27 09:38:13,29,0
2020-05-27 09:38:13,143,2
2020-05-27 09:38:13,26,1
2020-05-27 09:40:14,37,0
2020-05-27 09:40:14,137,2
2020-05-27 09:40:14,38,1
2020-05-27 09:42:16,36,0
2020-05-27 09:42:16,114,2
2020-05-27 09:42:16,33,1
2020-05-27 09:44:16,27,0
2020-05-27 09:44:16,127,2
2020-05-27 09:44:16,19,1
2020-05-27 09:46:17,35,0
2020-05-27 09:46:17,120,2
2020-05-27 09:46:17,30,1
2020-05-27 09:48:17,24,0
2020-05-27 09:48:17,127,2
2020-05-27 09:48:17,27,1
2020-05-27 09:50:17,27,0
2020-05-27 09:50:17,117,2
2020-05-27 09:50:17,28,1
2020-05-27 09:52:18,33,0
2020-05-27 09:52:18,130,2
2020-05-27 09:52:18,22,1
2020-05-27 09:54:18,23,0
2020-05-27 09:54:18,133,2
2020-05-27 09:54:18,25,1
2020-05-27 09:56:19,19,0
2020-05-27 09:56:19,128,2
2020-05-27 09:56:19,26,1
2020-05-27 09:58:20,22,0
2020-05-27 09:58:20,116,2
2020-05-27 09:58:20,30,1
2020-05-27 10:00:20,40,0
2020-05-27 10:00:20,142,2
2020-05-27 10:00:20,31,1
2020-05-27 10:02:20,39,0
2020-05-27 10:02:20,189,2
2020-05-27 10:02:20,29,1
2020-05-27 10:04:20,34,0
2020-05-27 10:04:20,155,2
2020-05-27 10:04:20,31,1
2020-05-27 10:06:21,31,0
2020-05-27 10:06:21,153,2
2020-05-27 10:06:21,31,1
2020-05-27 10:08:21,28,0
2020-05-27 10:08:21,155,2
2020-05-27 10:08:21,33,1
2020-05-27 10:10:21,37,0
2020-05-27 10:10:21,147,2
2020-05-27 10:10:21,39,1
2020-05-27 10:12:21,45,0
2020-05-27 10:12:21,137,2
2020-05-27 10:12:21,32,1
2020-05-27 10:14:22,46,0
2020-05-27 10:14:22,140,2
2020-05-27 10:14:22,40,1
2020-05-27 10:16:22,34,0
2020-05-27 10:16:22,156,2
2020-05-27 10:16:22,34,1
2020-05-27 10:18:22,43,0
2020-05-27 10:18:22,128,2
2020-05-27 10:18:22,33,1
2020-05-27 10:20:23,25,0
2020-05-27 10:20:23,159,2
2020-05-27 10:20:23,37,1
2020-05-27 10:22:23,39,0
2020-05-27 10:22:23,149,2
2020-05-27 10:22:23,41,1
2020-05-27 10:24:24,45,0
2020-05-27 10:24:24,159,2
2020-05-27 10:24:24,42,1
2020-05-27 10:26:25,48,0
2020-05-27 10:26:25,150,2
2020-05-27 10:26:25,30,1
2020-05-27 10:28:25,38,0
2020-05-27 10:28:25,157,2
2020-05-27 10:28:25,41,1
2020-05-27 10:30:26,37,0
2020-05-27 10:30:26,145,2
2020-05-27 10:30:26,35,1
2020-05-27 10:32:27,32,0
2020-05-27 10:32:27,141,2
2020-05-27 10:32:27,44,1
2020-05-27 10:34:27,38,0
2020-05-27 10:34:27,228,2
2020-05-27 10:34:27,42,1
2020-05-27 10:36:28,52,0
2020-05-27 10:36:28,210,2
2020-05-27 10:36:28,37,1
2020-05-27 10:38:28,38,0
2020-05-27 10:38:28,165,2
2020-05-27 10:38:28,36,1
2020-05-27 10:40:29,37,0
2020-05-27 10:40:29,189,2
2020-05-27 10:40:29,41,1
2020-05-27 10:42:29,42,0
2020-05-27 10:42:29,188,2
2020-05-27 10:42:29,40,1
2020-05-27 10:44:30,41,0
2020-05-27 10:44:30,171,2
2020-05-27 10:44:30,48,1
2020-05-27 10:46:30,50,0
2020-05-27 10:46:30,195,2
2020-05-27 10:46:30,36,1
2020-05-27 10:48:31,30,0
2020-05-27 10:48:31,173,2
2020-05-27 10:48:31,38,1
2020-05-27 10:50:31,54,0
2020-05-27 10:50:31,196,2
2020-05-27 10:50:31,41,1
2020-05-27 10:52:32,30,0
2020-05-27 10:52:32,163,2
2020-05-27 10:52:32,42,1
2020-05-27 10:54:32,33,0
2020-05-27 10:54:32,192,2
2020-05-27 10:54:32,40,1
2020-05-27 10:56:32,29,0
2020-05-27 10:56:32,193,2
2020-05-27 10:56:32,45,1
2020-05-27 10:58:32,46,0
2020-05-27 10:58:32,177,2
2020-05-27 10:58:32,52,1
2020-05-27 11:00:32,50,0
2020-05-27 11:00:32,212,2
2020-05-27 11:00:32,38,1
2020-05-27 11:02:33,60,0
2020-05-27 11:02:33,194,2
2020-05-27 11:02:33,46,1
2020-05-27 11:04:33,28,0
2020-05-27 11:04:33,202,2
2020-05-27 11:04:33,43,1
2020-05-27 11:06:33,35,0
2020-05-27 11:06:33,164,2
2020-05-27 11:06:33,34,1
2020-05-27 11:08:33,50,0
2020-05-27 11:08:33,212,2
2020-05-27 11:08:33,49,1
2020-05-27 11:10:34,48,0
2020-05-27 11:10:34,230,2
2020-05-27 11:10:34,54,1
2020-05-27 11:12:34,47,0
2020-05-27 11:12:34,209,2
2020-05-27 11:12:34,48,1
2020-05-27 11:14:34,48,0
2020-05-27 11:14:34,191,2
2020-05-27 11:14:34,49,1
2020-05-27 11:16:34,44,0
2020-05-27 11:16:34,202,2
2020-05-27 11:16:34,41,1
2020-05-27 11:18:34,31,0
2020-05-27 11:18:34,179,2
2020-05-27 11:18:34,37,1
2020-05-27 11:20:35,50,0
2020-05-27 11:20:35,209,2
2020-05-27 11:20:35,35,1
2020-05-27 11:23:24,39,0
2020-05-27 11:23:24,154,2
2020-05-27 11:23:24,31,1
2020-05-27 11:25:24,60,0
2020-05-27 11:25:24,273,2
2020-05-27 11:25:24,68,1
2020-05-27 11:58:52,43,0
2020-05-27 11:58:52,201,2
2020-05-27 11:58:52,40,1
2020-05-27 12:02:52,45,0
2020-05-27 12:02:52,263,2
2020-05-27 12:02:52,46,1
2020-05-27 12:07:00,48,0
2020-05-27 12:07:00,248,2
2020-05-27 12:07:00,59,1
2020-05-27 12:09:00,63,0
2020-05-27 12:09:00,222,2
2020-05-27 12:09:00,63,1
2020-05-27 12:11:00,59,0
2020-05-27 12:11:00,226,2
2020-05-27 12:11:00,56,1
2020-05-27 12:13:00,52,0
2020-05-27 12:13:00,212,2
2020-05-27 12:13:00,63,1
2020-05-27 12:15:00,54,0
2020-05-27 12:15:00,255,2
2020-05-27 12:15:00,66,1
2020-05-27 12:17:01,62,0
2020-05-27 12:17:01,249,2
2020-05-27 12:17:01,58,1
2020-05-27 12:19:01,61,0
2020-05-27 12:19:01,300,2
2020-05-27 12:19:01,49,1
2020-05-27 12:21:02,65,0
2020-05-27 12:21:02,249,2
2020-05-27 12:21:02,62,1
2020-05-27 12:23:02,79,0
2020-05-27 12:23:02,325,2
2020-05-27 12:23:02,94,1
2020-05-27 12:25:03,97,0
2020-05-27 12:25:03,392,2
2020-05-27 12:25:03,88,1
2020-05-27 12:27:03,79,0
2020-05-27 12:27:03,336,2
2020-05-27 12:27:03,80,1
2020-05-27 12:29:03,84,0
2020-05-27 12:29:03,408,2
2020-05-27 12:29:03,88,1
2020-05-27 12:31:03,175,0
2020-05-27 12:31:03,565,2
2020-05-27 12:31:03,144,1
2020-05-27 12:33:03,150,0
2020-05-27 12:33:03,496,2
2020-05-27 12:33:03,119,1
2020-05-27 12:35:03,102,0
2020-05-27 12:35:03,452,2
2020-05-27 12:35:03,100,1
2020-05-27 12:37:03,118,0
2020-05-27 12:37:03,392,2
2020-05-27 12:37:03,118,1
2020-05-27 12:39:04,104,0
2020-05-27 12:39:04,436,2
2020-05-27 12:39:04,117,1
2020-05-27 12:41:04,123,0
2020-05-27 12:41:04,426,2
2020-05-27 12:41:04,112,1
2020-05-27 12:43:04,106,0
2020-05-27 12:43:04,440,2
2020-05-27 12:43:04,85,1
2020-05-27 12:45:05,112,0
2020-05-27 12:45:05,456,2
2020-05-27 12:45:05,114,1
2020-05-27 12:47:05,113,0
2020-05-27 12:47:05,455,2
2020-05-27 12:47:05,86,1
2020-05-27 12:49:05,119,0
2020-05-27 12:49:05,413,2
2020-05-27 12:49:05,83,1
2020-05-27 12:51:05,115,0
2020-05-27 12:51:05,388,2
2020-05-27 12:51:05,79,1
2020-05-27 12:53:05,100,0
2020-05-27 12:53:05,369,2
2020-05-27 12:53:05,77,1
2020-05-27 12:55:06,97,0
2020-05-27 12:55:06,433,2
2020-05-27 12:55:06,92,1
2020-05-27 12:57:06,101,0
2020-05-27 12:57:06,482,2
2020-05-27 12:57:06,120,1
2020-05-27 12:59:06,108,0
2020-05-27 12:59:06,584,2
2020-05-27 12:59:06,110,1
2020-05-27 13:01:06,113,0
2020-05-27 13:01:06,543,2
2020-05-27 13:01:06,122,1
2020-05-27 13:03:06,108,0
2020-05-27 13:03:06,494,2
2020-05-27 13:03:06,83,1
2020-05-27 13:05:06,90,0
2020-05-27 13:05:06,425,2
2020-05-27 13:05:06,93,1
2020-05-27 13:07:07,141,0
2020-05-27 13:07:07,531,2
2020-05-27 13:07:07,108,1
2020-05-27 13:09:07,196,0
2020-05-27 13:09:07,1182,2
2020-05-27 13:09:07,173,1
2020-05-27 13:11:07,195,0
2020-05-27 13:11:07,1312,2
2020-05-27 13:11:07,205,1
2020-05-27 13:13:07,165,0
2020-05-27 13:13:07,1006,2
2020-05-27 13:13:07,178,1
2020-05-27 13:15:07,149,0
2020-05-27 13:15:07,860,2
2020-05-27 13:15:07,146,1
2020-05-27 13:17:07,148,0
2020-05-27 13:17:07,735,2
2020-05-27 13:17:07,116,1
2020-05-27 13:19:08,204,0
2020-05-27 13:19:08,710,2
2020-05-27 13:19:08,138,1
2020-05-27 13:21:08,205,0
2020-05-27 13:21:08,871,2
2020-05-27 13:21:08,153,1
2020-05-27 13:23:08,147,0
2020-05-27 13:23:08,745,2
2020-05-27 13:23:08,119,1
2020-05-27 13:25:08,155,0
2020-05-27 13:25:08,658,2
2020-05-27 13:25:08,111,1
2020-05-27 13:27:08,136,0
2020-05-27 13:27:08,616,2
2020-05-27 13:27:08,117,1
2020-05-27 13:29:08,124,0
2020-05-27 13:29:08,663,2
2020-05-27 13:29:08,108,1
2020-05-27 13:31:09,171,0
2020-05-27 13:31:09,1101,2
2020-05-27 13:31:09,190,1
2020-05-27 13:33:09,160,0
2020-05-27 13:33:09,850,2
2020-05-27 13:33:09,137,1
2020-05-27 13:35:09,114,0
2020-05-27 13:35:09,649,2
2020-05-27 13:35:09,122,1
2020-05-27 13:37:09,150,0
2020-05-27 13:37:09,618,2
2020-05-27 13:37:09,109,1
2020-05-27 13:39:09,165,0
2020-05-27 13:39:09,745,2
2020-05-27 13:39:09,148,1
2020-05-27 13:41:09,172,0
2020-05-27 13:41:09,1177,2
2020-05-27 13:41:09,162,1
2020-05-27 13:43:09,168,0
2020-05-27 13:43:09,1006,2
2020-05-27 13:43:09,154,1
2020-05-27 13:45:09,178,0
2020-05-27 13:45:09,830,2
2020-05-27 13:45:09,168,1
2020-05-27 13:47:09,128,0
2020-05-27 13:47:09,734,2
2020-05-27 13:47:09,158,1
2020-05-27 13:49:09,113,0
2020-05-27 13:49:09,732,2
2020-05-27 13:49:09,155,1
2020-05-27 13:51:09,142,0
2020-05-27 13:51:09,728,2
2020-05-27 13:51:09,108,1
2020-05-27 13:53:09,165,0
2020-05-27 13:53:09,775,2
2020-05-27 13:53:09,167,1
2020-05-27 13:55:09,176,0
2020-05-27 13:55:09,804,2
2020-05-27 13:55:09,166,1
2020-05-27 13:57:09,178,0
2020-05-27 13:57:09,736,2
2020-05-27 13:57:09,163,1
2020-05-27 13:59:10,181,0
2020-05-27 13:59:10,712,2
2020-05-27 13:59:10,156,1
2020-05-27 14:01:10,163,0
2020-05-27 14:01:10,730,2
2020-05-27 14:01:10,175,1
2020-05-27 14:03:27,154,0
2020-05-27 14:03:27,635,2
2020-05-27 14:03:27,130,1
2020-05-27 14:05:27,150,0
2020-05-27 14:05:27,648,2
2020-05-27 14:05:27,142,1
2020-05-27 14:07:27,154,0
2020-05-27 14:07:27,666,2
2020-05-27 14:07:27,116,1
2020-05-27 14:09:27,187,0
2020-05-27 14:09:27,675,2
2020-05-27 14:09:27,179,1
2020-05-27 14:11:27,176,0
2020-05-27 14:11:27,729,2
2020-05-27 14:11:27,168,1
2020-05-27 14:13:27,244,0
2020-05-27 14:13:27,1104,2
2020-05-27 14:13:27,235,1
2020-05-27 14:15:28,257,0
2020-05-27 14:15:28,1207,2
2020-05-27 14:15:28,240,1
2020-05-27 14:17:28,229,0
2020-05-27 14:17:28,1089,2
2020-05-27 14:17:28,220,1
2020-05-27 14:19:28,210,0
2020-05-27 14:19:28,925,2
2020-05-27 14:19:28,172,1
2020-05-27 14:21:28,172,0
2020-05-27 14:21:28,675,2
2020-05-27 14:21:28,134,1
2020-05-27 14:23:28,157,0
2020-05-27 14:23:28,739,2
2020-05-27 14:23:28,174,1
2020-05-27 14:25:29,163,0
2020-05-27 14:25:29,739,2
2020-05-27 14:25:29,146,1
2020-05-27 14:27:29,190,0
2020-05-27 14:27:29,641,2
2020-05-27 14:27:29,156,1
2020-05-27 14:29:29,187,0
2020-05-27 14:29:29,719,2
2020-05-27 14:29:29,165,1
2020-05-27 14:31:29,185,0
2020-05-27 14:31:29,767,2
2020-05-27 14:31:29,180,1
2020-05-27 14:33:29,221,0
2020-05-27 14:33:29,795,2
2020-05-27 14:33:29,162,1
2020-05-27 14:35:29,213,0
2020-05-27 14:35:29,723,2
2020-05-27 14:35:29,181,1
2020-05-27 14:37:29,180,0
2020-05-27 14:37:29,719,2
2020-05-27 14:37:29,138,1
2020-05-27 14:39:29,198,0
2020-05-27 14:39:29,665,2
2020-05-27 14:39:29,167,1
2020-05-27 14:41:29,173,0
2020-05-27 14:41:29,676,2
2020-05-27 14:41:29,157,1
2020-05-27 14:43:29,189,0
2020-05-27 14:43:29,690,2
2020-05-27 14:43:29,167,1
2020-05-27 14:45:29,172,0
2020-05-27 14:45:29,717,2
2020-05-27 14:45:29,149,1
2020-05-27 14:47:29,179,0
2020-05-27 14:47:29,666,2
2020-05-27 14:47:29,173,1
2020-05-27 14:49:29,234,0
2020-05-27 14:49:29,789,2
2020-05-27 14:49:29,196,1
2020-05-27 14:51:29,253,0
2020-05-27 14:51:29,1183,2
2020-05-27 14:51:29,179,1
2020-05-27 14:53:29,325,0
2020-05-27 14:53:29,1854,2
2020-05-27 14:53:29,299,1
2020-05-27 14:55:30,260,0
2020-05-27 14:55:30,1485,2
2020-05-27 14:55:30,276,1
2020-05-27 14:57:30,226,0
2020-05-27 14:57:30,1203,2
2020-05-27 14:57:30,245,1
2020-05-27 14:59:30,227,0
2020-05-27 14:59:30,936,2
2020-05-27 14:59:30,208,1
2020-05-27 15:01:30,230,0
2020-05-27 15:01:30,913,2
2020-05-27 15:01:30,186,1
2020-05-27 15:03:30,198,0
2020-05-27 15:03:30,782,2
2020-05-27 15:03:30,196,1
2020-05-27 15:05:30,177,0
2020-05-27 15:05:30,741,2
2020-05-27 15:05:30,148,1
2020-05-27 15:07:30,171,0
2020-05-27 15:07:30,682,2
2020-05-27 15:07:30,168,1
2020-05-27 15:09:31,184,0
2020-05-27 15:09:31,695,2
2020-05-27 15:09:31,150,1
2020-05-27 15:11:31,183,0
2020-05-27 15:11:31,717,2
2020-05-27 15:11:31,151,1
2020-05-27 15:13:31,182,0
2020-05-27 15:13:31,732,2
2020-05-27 15:13:31,155,1
2020-05-27 15:15:31,203,0
2020-05-27 15:15:31,661,2
2020-05-27 15:15:31,142,1
2020-05-27 15:17:31,208,0
2020-05-27 15:17:31,781,2
2020-05-27 15:17:31,185,1
2020-05-27 15:19:31,213,0
2020-05-27 15:19:31,803,2
2020-05-27 15:19:31,188,1
2020-05-27 15:21:31,218,0
2020-05-27 15:21:31,962,2
2020-05-27 15:21:31,214,1
2020-05-27 15:23:32,204,0
2020-05-27 15:23:32,969,2
2020-05-27 15:23:32,227,1
2020-05-27 15:25:32,217,0
2020-05-27 15:25:32,912,2
2020-05-27 15:25:32,223,1
2020-05-27 15:27:32,204,0
2020-05-27 15:27:32,881,2
2020-05-27 15:27:32,225,1
2020-05-27 15:29:32,220,0
2020-05-27 15:29:32,853,2
2020-05-27 15:29:32,200,1
2020-05-27 15:31:32,220,0
2020-05-27 15:31:32,819,2
2020-05-27 15:31:32,181,1
2020-05-27 15:33:32,234,0
2020-05-27 15:33:32,778,2
2020-05-27 15:33:32,201,1
2020-05-27 15:35:32,199,0
2020-05-27 15:35:32,867,2
2020-05-27 15:35:32,212,1
2020-05-27 15:37:33,208,0
2020-05-27 15:37:33,969,2
2020-05-27 15:37:33,201,1
2020-05-27 15:39:33,231,0
2020-05-27 15:39:33,807,2
2020-05-27 15:39:33,199,1
2020-05-27 15:41:33,231,0
2020-05-27 15:41:33,897,2
2020-05-27 15:41:33,189,1
2020-05-27 15:43:33,185,0
2020-05-27 15:43:33,848,2
2020-05-27 15:43:33,189,1
2020-05-27 15:45:33,205,0
2020-05-27 15:45:33,903,2
2020-05-27 15:45:33,197,1
2020-05-27 15:47:33,319,0
2020-05-27 15:47:33,1776,2
2020-05-27 15:47:33,334,1
2020-05-27 15:49:33,393,0
2020-05-27 15:49:33,1505,2
2020-05-27 15:49:33,357,1
2020-05-27 15:51:33,366,0
2020-05-27 15:51:33,1299,2
2020-05-27 15:51:33,262,1
2020-05-27 15:53:33,327,0
2020-05-27 15:53:33,1177,2
2020-05-27 15:53:33,277,1
2020-05-27 15:55:57,292,0
2020-05-27 15:55:57,1081,2
2020-05-27 15:55:57,284,1
2020-05-27 15:57:57,367,0
2020-05-27 15:57:57,1475,2
2020-05-27 15:57:57,311,1
2020-05-27 15:59:57,310,0
2020-05-27 15:59:57,1166,2
2020-05-27 15:59:57,277,1
2020-05-27 16:01:57,302,0
2020-05-27 16:01:57,1172,2
2020-05-27 16:01:57,246,1
2020-05-27 16:03:57,313,0
2020-05-27 16:03:57,1076,2
2020-05-27 16:03:57,262,1
2020-05-27 16:05:58,313,0
2020-05-27 16:05:58,1113,2
2020-05-27 16:05:58,285,1
2020-05-27 16:07:58,312,0
2020-05-27 16:07:58,1034,2
2020-05-27 16:07:58,276,1
2020-05-27 16:09:58,451,0
2020-05-27 16:09:58,1362,2
2020-05-27 16:09:58,338,1
2020-05-27 16:11:58,394,0
2020-05-27 16:11:58,1387,2
2020-05-27 16:11:58,327,1
2020-05-27 16:13:58,415,0
2020-05-27 16:13:58,1273,2
2020-05-27 16:13:58,316,1
2020-05-27 16:15:58,509,0
2020-05-27 16:15:58,1205,2
2020-05-27 16:15:58,337,1
2020-05-27 16:17:58,953,0
2020-05-27 16:17:58,1177,2
2020-05-27 16:17:58,358,1
2020-05-27 16:19:58,1899,0
2020-05-27 16:19:58,1003,2
2020-05-27 16:19:58,473,1
2020-05-27 16:21:58,1476,0
2020-05-27 16:21:58,934,2
2020-05-27 16:21:58,454,1
2020-05-27 16:23:58,1331,0
2020-05-27 16:23:58,859,2
2020-05-27 16:23:58,413,1
2020-05-27 16:25:58,1226,0
2020-05-27 16:25:58,927,2
2020-05-27 16:25:58,426,1
2020-05-27 16:27:58,1157,0
2020-05-27 16:27:58,844,2
2020-05-27 16:27:58,362,1
2020-05-27 16:29:58,1141,0
2020-05-27 16:29:58,866,2
2020-05-27 16:29:58,332,1
2020-05-27 16:31:58,1082,0
2020-05-27 16:31:58,829,2
2020-05-27 16:31:58,378,1
2020-05-27 16:33:58,974,0
2020-05-27 16:33:58,801,2
2020-05-27 16:33:58,333,1
2020-05-27 16:35:59,886,0
2020-05-27 16:35:59,737,2
2020-05-27 16:35:59,308,1
2020-05-27 16:37:59,904,0
2020-05-27 16:37:59,678,2
2020-05-27 16:37:59,282,1
2020-05-27 16:39:59,826,0
2020-05-27 16:39:59,642,2
2020-05-27 16:39:59,299,1
2020-05-27 16:41:59,728,0
2020-05-27 16:41:59,595,2
2020-05-27 16:41:59,235,1
2020-05-27 16:43:59,685,0
2020-05-27 16:43:59,571,2
2020-05-27 16:43:59,232,1
2020-05-27 16:45:59,619,0
2020-05-27 16:45:59,506,2
2020-05-27 16:45:59,223,1
2020-05-27 16:47:59,599,0
2020-05-27 16:47:59,539,2
2020-05-27 16:47:59,217,1
2020-05-27 16:49:59,480,0
2020-05-27 16:49:59,479,2
2020-05-27 16:49:59,213,1
2020-05-27 16:51:59,433,0
2020-05-27 16:51:59,442,2
2020-05-27 16:51:59,191,1
2020-05-27 16:53:59,484,0
2020-05-27 16:53:59,388,2
2020-05-27 16:53:59,170,1
2020-05-27 16:55:59,443,0
2020-05-27 16:55:59,380,2
2020-05-27 16:55:59,157,1
2020-05-27 16:57:59,382,0
2020-05-27 16:57:59,360,2
2020-05-27 16:57:59,170,1
2020-05-27 17:00:00,411,0
2020-05-27 17:00:00,355,2
2020-05-27 17:00:00,151,1
2020-05-27 17:02:00,394,0
2020-05-27 17:02:00,324,2
2020-05-27 17:02:00,160,1
2020-05-27 17:04:00,348,0
2020-05-27 17:04:00,329,2
2020-05-27 17:04:00,156,1
2020-05-27 17:06:01,332,0
2020-05-27 17:06:01,360,2
2020-05-27 17:06:01,150,1
